"BROKEN","EPIC","FAILED","FEATURE","PASSED","SKIPPED","STORY","UNKNOWN"
"0","","0","课程管理","5","0","查询列表","0"
"0","","0","合同管理","5","0","查询合同列表","0"
"0","","0","线索管理","6","0","线索查询","0"
"0","","0","课程管理","4","0","新增课程","0"
"0","","0","合同管理","8","0","新增合同","0"
"0","","0","线索管理","4","0","线索删除","0"
"0","","0","合同管理","4","0","修改合同","0"
"0","","0","线索管理","10","0","线索添加","0"
"0","","0","线索管理","1","0","线索转商机","0"
"0","","0","课程管理","3","0","删除课程","0"
"0","","0","认证","4","0","登录","0"
"0","","0","课程管理","1","0","修改课程","0"
"0","","0","合同管理","2","0","删除合同","0"
"0","","0","认证","1","0","验证码","0"
